{
    "image_size": [
        640,
        480
    ],
    "camera_matrix": [
        [
            543.740967,
            0.0,
            333.886232
        ],
        [
            0.0,
            542.151184,
            227.933571
        ],
        [
            0.0,
            0.0,
            1.0
        ]
    ],
    "dist_coeffs": [
        0.021662, -0.490016,  0.006781,  0.002225, 1.147233
    ],
    "rotation_matrix": [
        [    0.711877,     0.70222,  -0.0109055],
        [0.0205165, -0.00527214,    0.999776], 
        [0.702004,   -0.711941,  -0.0181602] 
    ],
    "position_vector": [
        0.002998, 0.111322, 0.0021
    ],
    "fixed_frame_name": "wrist_3_link"
}