{
    "image_size": [
        640,
        480
    ],
    "camera_matrix": [
        [
            594.374634,
            0.0,
            323.685272
        ],
        [
            0.0,
            594.740845,
            221.563884
        ],
        [
            0.0,
            0.0,
            1.0
        ]
    ],
    "dist_coeffs": [
        0.012354,
        -0.088603,
        -0.001818,
        -0.000415,
        0.107669
    ],
    "orientation_quaternion": [
        -0.64677731,
        0.28989345,
        -0.65671856,
        0.25760752
    ],
    "position_vector": [
        0.050685,
        -0.002276,
        0.005624
    ]
}